{"inputUnits":[34],"outputUnits":4,"inputs":{"0":{"dtype":"number","min":303.25147394548384,"max":401.8957876461988},"1":{"dtype":"number","min":122.16373257702088,"max":179.68486008820707},"2":{"dtype":"number","min":307.7786225138584,"max":404.90815934149606},"3":{"dtype":"number","min":114.24312480011878,"max":172.6574968780458},"4":{"dtype":"number","min":296.3773198713336,"max":393.61022889730293},"5":{"dtype":"number","min":113.48614073636239,"max":170.3468224597953},"6":{"dtype":"number","min":324.0069059554132,"max":405.6247126707556},"7":{"dtype":"number","min":115.45221577843262,"max":176.39319079661226},"8":{"dtype":"number","min":292.05258791442037,"max":374.18992903265104},"9":{"dtype":"number","min":116.16047017058432,"max":175.26673939725342},"10":{"dtype":"number","min":329.11860356321574,"max":407.8241258290311},"11":{"dtype":"number","min":143.94500078048853,"max":204.54272413346735},"12":{"dtype":"number","min":302.7776367901361,"max":368.5610468159874},"13":{"dtype":"number","min":141.98977197122852,"max":206.07205337018763},"14":{"dtype":"number","min":299.05828687879773,"max":461.3249039975291},"15":{"dtype":"number","min":120.28412928590532,"max":264.4891422859177},"16":{"dtype":"number","min":276.0305506537067,"max":412.2065898456536},"17":{"dtype":"number","min":112.25376181202788,"max":261.1613662154586},"18":{"dtype":"number","min":253.26025949816488,"max":512.1913643701266},"19":{"dtype":"number","min":67.95525682832297,"max":306.76691244917305},"20":{"dtype":"number","min":237.44073655870224,"max":454.71224838762487},"21":{"dtype":"number","min":68.13249911481176,"max":313.95536307470604},"22":{"dtype":"number","min":301.66812800059773,"max":403.7468628762526},"23":{"dtype":"number","min":254.24375240333364,"max":297.2291564941406},"24":{"dtype":"number","min":293.5659367671022,"max":411.96098342508833},"25":{"dtype":"number","min":254.52930889166817,"max":296.3949995431286},"26":{"dtype":"number","min":321.2845345361423,"max":392.85520557306893},"27":{"dtype":"number","min":334.05394793951024,"max":361.8055725097656},"28":{"dtype":"number","min":318.24200524224176,"max":381.55636257595484},"29":{"dtype":"number","min":337.29446976273147,"max":363.46028616089103},"30":{"dtype":"number","min":320.67108496355496,"max":395.44339066592806},"31":{"dtype":"number","min":403.56928894161945,"max":429.710656476532},"32":{"dtype":"number","min":311.85301187675134,"max":381.15929899159926},"33":{"dtype":"number","min":396.7617205941421,"max":431.2523783484862}},"outputs":{"0":{"dtype":"string","min":0,"max":1,"uniqueValues":["p","t","b","h"],"legend":{"p":[1,0,0,0],"t":[0,1,0,0],"b":[0,0,1,0],"h":[0,0,0,1]}}},"isNormalized":true}